{"is_source_file": false, "format": "", "description": "", "external_files": [], "external_methods": [], "published": [], "classes": [], "methods": [], "calls": [], "search-terms": [], "state": 2, "file_id": 1, "knowledge_revision": 22, "git_revision": "1a50a1934c13061af3d8cc08a087cef2748dc6a8", "hash": "a200e35e1678467a1463c7decb7a649d", "format-version": 4, "code-base-name": "tic_tac_toe_frontend", "filename": "README.md", "revision_history": [{"22": "1a50a1934c13061af3d8cc08a087cef2748dc6a8"}]}