{"is_source_file": true, "format": "JavaScript (React JSX)", "description": "This file serves as the entry point for a React application, initializing the React root and rendering the main App component within a strict mode wrapper.", "external_files": ["./App", "./index.css"], "external_methods": ["ReactDOM.createRoot"], "published": [], "classes": [], "methods": [{"name": "root.render", "description": "Renders the React component tree starting with <React.StrictMode><App /></React.StrictMode> into the DOM element with id 'root'."}], "calls": ["ReactDOM.createRoot", "root.render"], "search-terms": ["React", "ReactDOM", "createRoot", "render", "index.js", "entry point"], "state": 2, "file_id": 12, "knowledge_revision": 24, "git_revision": "24a66ea58365720e457ba99819df236c27ee652f", "ctags": [{"_type": "tag", "name": "root", "path": "/home/kavia/workspace/code-generation/tic-tac-toe-classic-309955-309964/tic_tac_toe_frontend/src/index.js", "pattern": "/^const root = ReactDOM.createRoot(document.getElementById('root'));$/", "language": "JavaScript", "kind": "constant"}], "hash": "9fc5841375336fc175b49f8767a11383", "format-version": 4, "code-base-name": "tic_tac_toe_frontend", "filename": "tic_tac_toe_frontend/src/index.js", "revision_history": [{"24": "24a66ea58365720e457ba99819df236c27ee652f"}]}