{"is_source_file": false, "format": "", "description": "", "external_files": [], "external_methods": [], "published": [], "classes": [], "methods": [], "calls": [], "search-terms": ["eslint", "eslint.config.mjs", "pluginJs", "pluginReact", "rules", "plugins", "eslint-plugin-react"], "state": 2, "file_id": 2, "knowledge_revision": 18, "git_revision": "24a66ea58365720e457ba99819df236c27ee652f", "hash": "be6538e7523bc2e9da0743133d784136", "format-version": 4, "code-base-name": "tic_tac_toe_frontend", "filename": "tic_tac_toe_frontend/eslint.config.mjs", "revision_history": [{"18": "24a66ea58365720e457ba99819df236c27ee652f"}]}