{"is_source_file": false, "format": "", "description": "", "external_files": [], "external_methods": [], "published": [], "classes": [], "methods": [], "calls": [], "search-terms": [], "state": 2, "file_id": 10, "knowledge_revision": 20, "git_revision": "24a66ea58365720e457ba99819df236c27ee652f", "hash": "22f9e17cc1848b56dbb244518ac2707e", "format-version": 4, "code-base-name": "tic_tac_toe_frontend", "filename": "tic_tac_toe_frontend/src/App.css", "revision_history": [{"20": "24a66ea58365720e457ba99819df236c27ee652f"}]}